<?xml version="1.0" encoding="utf-8" standalone="yes" ?>
<rss version="2.0" xmlns:atom="http://www.w3.org/2005/Atom">
  <channel>
    <title>Dockers on Open Source Tutorials</title>
    <link>http://opensourcetutorials.in/categories/dockers/</link>
    <description>Recent content in Dockers on Open Source Tutorials</description>
    <generator>Hugo -- gohugo.io</generator>
    <language>en-us</language>
    <lastBuildDate>Sun, 04 Feb 2018 00:00:00 +0000</lastBuildDate>
    
	<atom:link href="http://opensourcetutorials.in/categories/dockers/index.xml" rel="self" type="application/rss+xml" />
    
    
    <item>
      <title>Container Lifecycle</title>
      <link>http://opensourcetutorials.in/post/docker/5.containerlifecycle/</link>
      <pubDate>Sun, 04 Feb 2018 00:00:00 +0000</pubDate>
      
      <guid>http://opensourcetutorials.in/post/docker/5.containerlifecycle/</guid>
      <description>&lt;p&gt;In this post lets learn Container Lifecycle&lt;/p&gt;

&lt;p&gt;&lt;/p&gt;</description>
    </item>
    
    <item>
      <title>Create custom docker image</title>
      <link>http://opensourcetutorials.in/post/docker/8.dockerfile/</link>
      <pubDate>Sun, 04 Feb 2018 00:00:00 +0000</pubDate>
      
      <guid>http://opensourcetutorials.in/post/docker/8.dockerfile/</guid>
      <description>&lt;p&gt;In this post lets learn how to create custom docker image&lt;/p&gt;

&lt;p&gt;&lt;/p&gt;</description>
    </item>
    
    <item>
      <title>Docker Cheetsheet</title>
      <link>http://opensourcetutorials.in/post/docker/9.dockercheetsheet/</link>
      <pubDate>Sun, 04 Feb 2018 00:00:00 +0000</pubDate>
      
      <guid>http://opensourcetutorials.in/post/docker/9.dockercheetsheet/</guid>
      <description>&lt;p&gt;This post contains all the docker commands summary&lt;/p&gt;

&lt;p&gt;&lt;/p&gt;</description>
    </item>
    
    <item>
      <title>Docker Tutorials</title>
      <link>http://opensourcetutorials.in/post/docker/docker/</link>
      <pubDate>Sun, 04 Feb 2018 00:00:00 +0000</pubDate>
      
      <guid>http://opensourcetutorials.in/post/docker/docker/</guid>
      <description>&lt;h2 id=&#34;this-is-a-mini-docker-post-series&#34;&gt;This is a mini docker post series.&lt;/h2&gt;

&lt;p&gt;&lt;/p&gt;</description>
    </item>
    
    <item>
      <title>Explore Docker Hub</title>
      <link>http://opensourcetutorials.in/post/docker/2.dockerhub/</link>
      <pubDate>Sun, 04 Feb 2018 00:00:00 +0000</pubDate>
      
      <guid>http://opensourcetutorials.in/post/docker/2.dockerhub/</guid>
      <description>&lt;p&gt;In this post we will explore docker hub. Official repository for dockers&lt;/p&gt;

&lt;p&gt;&lt;/p&gt;</description>
    </item>
    
    <item>
      <title>Get Docker images from the Docker hub</title>
      <link>http://opensourcetutorials.in/post/docker/3.baseimages/</link>
      <pubDate>Sun, 04 Feb 2018 00:00:00 +0000</pubDate>
      
      <guid>http://opensourcetutorials.in/post/docker/3.baseimages/</guid>
      <description>&lt;p&gt;To learn how to download docker images from the docker hub.&lt;/p&gt;

&lt;p&gt;&lt;/p&gt;</description>
    </item>
    
    <item>
      <title>Image and Container Management</title>
      <link>http://opensourcetutorials.in/post/docker/6.image_container_management/</link>
      <pubDate>Sun, 04 Feb 2018 00:00:00 +0000</pubDate>
      
      <guid>http://opensourcetutorials.in/post/docker/6.image_container_management/</guid>
      <description>&lt;p&gt;In this post lets learn manage Image and Container&lt;/p&gt;

&lt;p&gt;&lt;/p&gt;</description>
    </item>
    
    <item>
      <title>Install Dockers on Ubuntu 16.04 or above</title>
      <link>http://opensourcetutorials.in/post/docker/1.install/</link>
      <pubDate>Sun, 04 Feb 2018 00:00:00 +0000</pubDate>
      
      <guid>http://opensourcetutorials.in/post/docker/1.install/</guid>
      <description>&lt;p&gt;In this post we will learn to install docker in Ubuntu 16.04. We will be adding official repository and use apt-get install command to install docker.&lt;/p&gt;

&lt;p&gt;&lt;/p&gt;</description>
    </item>
    
    <item>
      <title>Redirection of Ports and Volumes in Docker</title>
      <link>http://opensourcetutorials.in/post/docker/7.redirect_ports_volumes/</link>
      <pubDate>Sun, 04 Feb 2018 00:00:00 +0000</pubDate>
      
      <guid>http://opensourcetutorials.in/post/docker/7.redirect_ports_volumes/</guid>
      <description>&lt;p&gt;In this post lets learn Port Redirection and Volumes attachment&lt;/p&gt;

&lt;p&gt;&lt;/p&gt;</description>
    </item>
    
    <item>
      <title>Running Containers</title>
      <link>http://opensourcetutorials.in/post/docker/4.runningcontainers/</link>
      <pubDate>Sun, 04 Feb 2018 00:00:00 +0000</pubDate>
      
      <guid>http://opensourcetutorials.in/post/docker/4.runningcontainers/</guid>
      <description>&lt;p&gt;In this post lets learn how to run containers&lt;/p&gt;

&lt;p&gt;&lt;/p&gt;</description>
    </item>
    
  </channel>
</rss>