<?xml version="1.0" encoding="utf-8" standalone="yes" ?>
<rss version="2.0" xmlns:atom="http://www.w3.org/2005/Atom">
  <channel>
    <title>Tags on Open Source Tutorials</title>
    <link>http://opensourcetutorials.in/tags/</link>
    <description>Recent content in Tags on Open Source Tutorials</description>
    <generator>Hugo -- gohugo.io</generator>
    <language>en-us</language>
    <lastBuildDate>Sun, 04 Feb 2018 00:00:00 +0000</lastBuildDate>
    
	<atom:link href="http://opensourcetutorials.in/tags/index.xml" rel="self" type="application/rss+xml" />
    
    
    <item>
      <title>Docker</title>
      <link>http://opensourcetutorials.in/tags/docker/</link>
      <pubDate>Sun, 04 Feb 2018 00:00:00 +0000</pubDate>
      
      <guid>http://opensourcetutorials.in/tags/docker/</guid>
      <description></description>
    </item>
    
    <item>
      <title>Os</title>
      <link>http://opensourcetutorials.in/tags/os/</link>
      <pubDate>Fri, 09 Feb 2018 00:00:00 +0000</pubDate>
      
      <guid>http://opensourcetutorials.in/tags/os/</guid>
      <description></description>
    </item>
    
    <item>
      <title>Ssl</title>
      <link>http://opensourcetutorials.in/tags/ssl/</link>
      <pubDate>Mon, 15 Jan 2018 21:46:55 +0530</pubDate>
      
      <guid>http://opensourcetutorials.in/tags/ssl/</guid>
      <description></description>
    </item>
    
    <item>
      <title>Vi</title>
      <link>http://opensourcetutorials.in/tags/vi/</link>
      <pubDate>Mon, 15 Jan 2018 21:46:44 +0530</pubDate>
      
      <guid>http://opensourcetutorials.in/tags/vi/</guid>
      <description></description>
    </item>
    
  </channel>
</rss>