<?xml version="1.0" encoding="utf-8" standalone="yes" ?>
<rss version="2.0" xmlns:atom="http://www.w3.org/2005/Atom">
  <channel>
    <title>Os on Open Source Tutorials</title>
    <link>http://opensourcetutorials.in/tags/os/</link>
    <description>Recent content in Os on Open Source Tutorials</description>
    <generator>Hugo -- gohugo.io</generator>
    <language>en-us</language>
    <lastBuildDate>Fri, 09 Feb 2018 00:00:00 +0000</lastBuildDate>
    
	<atom:link href="http://opensourcetutorials.in/tags/os/index.xml" rel="self" type="application/rss+xml" />
    
    
    <item>
      <title>Fork System Call</title>
      <link>http://opensourcetutorials.in/post/os/fork/</link>
      <pubDate>Fri, 09 Feb 2018 00:00:00 +0000</pubDate>
      
      <guid>http://opensourcetutorials.in/post/os/fork/</guid>
      <description>&lt;p&gt;In this post we will learn to how fork system call works with example program.&lt;/p&gt;

&lt;p&gt;&lt;/p&gt;</description>
    </item>
    
  </channel>
</rss>