<?xml version="1.0" encoding="utf-8" standalone="yes" ?>
<rss version="2.0" xmlns:atom="http://www.w3.org/2005/Atom">
  <channel>
    <title>Ssl on Open Source Tutorials</title>
    <link>http://opensourcetutorials.in/tags/ssl/</link>
    <description>Recent content in Ssl on Open Source Tutorials</description>
    <generator>Hugo -- gohugo.io</generator>
    <language>en-us</language>
    <lastBuildDate>Mon, 15 Jan 2018 21:46:55 +0530</lastBuildDate>
    
	<atom:link href="http://opensourcetutorials.in/tags/ssl/index.xml" rel="self" type="application/rss+xml" />
    
    
    <item>
      <title>Self Signed Certificate</title>
      <link>http://opensourcetutorials.in/post/tutorials/selfsignedcertificate/</link>
      <pubDate>Mon, 15 Jan 2018 21:46:55 +0530</pubDate>
      
      <guid>http://opensourcetutorials.in/post/tutorials/selfsignedcertificate/</guid>
      <description>&lt;p&gt;In this post we will learn how to create self signed certificate.&lt;/p&gt;

&lt;p&gt;&lt;/p&gt;</description>
    </item>
    
  </channel>
</rss>